scene_id,gee_collection_id,satellite,sensor,date_acquired,scene_center_time,year,month,is_core,cloud_cover,aoi_cloud,wrs_path,wrs_row,processing_level,ok_lst_processing,notes,ok_dashboard
LC08_L2SP_197031_20200622_20200823_02_T1,LANDSAT/LC08/C02/T1_L2,LANDSAT_8,OLI_TIRS,2020-06-22,10:30:10.3607850Z,2020,6,True,3.28,1.23,197,31,L2SP,True,,False
LC08_L2SP_197031_20210609_20210615_02_T1,LANDSAT/LC08/C02/T1_L2,LANDSAT_8,OLI_TIRS,2021-06-09,10:30:15.8611159Z,2021,6,True,2.84,2.15,197,31,L2SP,True,,False
LC08_L2SP_197031_20210711_20210720_02_T1,LANDSAT/LC08/C02/T1_L2,LANDSAT_8,OLI_TIRS,2021-07-11,10:30:22.2259309Z,2021,7,True,1.89,18.69,197,31,L2SP,False,A few clouds over BCN,False
LC08_L2SP_197031_20210812_20210819_02_T1,LANDSAT/LC08/C02/T1_L2,LANDSAT_8,OLI_TIRS,2021-08-12,10:30:35.5321959Z,2021,8,True,1.37,1.93,197,31,L2SP,True,Haze but ok,False
LC08_L2SP_198031_20210718_20210729_02_T1,LANDSAT/LC08/C02/T1_L2,LANDSAT_8,OLI_TIRS,2021-07-18,10:36:34.6481540Z,2021,7,True,0.5,3.79,198,31,L2SP,True,,False
LC08_L2SP_197031_20220612_20220617_02_T1,LANDSAT/LC08/C02/T1_L2,LANDSAT_8,OLI_TIRS,2022-06-12,10:30:36.3626109Z,2022,6,True,1.74,1.49,197,31,L2SP,True,,False
LC08_L2SP_197031_20220714_20220726_02_T1,LANDSAT/LC08/C02/T1_L2,LANDSAT_8,OLI_TIRS,2022-07-14,10:30:40.8069490Z,2022,7,True,1.65,0.91,197,31,L2SP,True,,False
LC08_L2SP_198031_20220705_20220708_02_T1,LANDSAT/LC08/C02/T1_L2,LANDSAT_8,OLI_TIRS,2022-07-05,10:36:53.1954770Z,2022,7,True,2.78,7.54,198,31,L2SP,False,Haze but ok; Composite Sentinel-2 descartado por cobertura insuficiente: 90.2%,False
LC08_L2SP_198031_20220721_20220726_02_T1,LANDSAT/LC08/C02/T1_L2,LANDSAT_8,OLI_TIRS,2022-07-21,10:36:56.6464880Z,2022,7,True,0.32,1.33,198,31,L2SP,True,,False
LC08_L2SP_198031_20230708_20230718_02_T1,LANDSAT/LC08/C02/T1_L2,LANDSAT_8,OLI_TIRS,2023-07-08,10:36:19.3467360Z,2023,7,True,1.77,1.57,198,31,L2SP,True,,False
LC08_L2SP_198031_20230809_20230812_02_T1,LANDSAT/LC08/C02/T1_L2,LANDSAT_8,OLI_TIRS,2023-08-09,10:36:29.8020090Z,2023,8,True,2.51,10.78,198,31,L2SP,False,A few scattered clouds,False
LC08_L2SP_198031_20230825_20230905_02_T1,LANDSAT/LC08/C02/T1_L2,LANDSAT_8,OLI_TIRS,2023-08-25,10:36:38.3492850Z,2023,8,True,1.05,1.35,198,31,L2SP,True,,False
LC08_L2SP_198031_20230926_20231003_02_T1,LANDSAT/LC08/C02/T1_L2,LANDSAT_8,OLI_TIRS,2023-09-26,10:36:44.9252750Z,2023,9,True,2.21,0.49,198,31,L2SP,False,Just a few clouds..lets keep this one; Composite Sentinel-2 descartado por cobertura insuficiente: 91.0%,False
LC08_L2SP_197031_20240804_20240808_02_T1,LANDSAT/LC08/C02/T1_L2,LANDSAT_8,OLI_TIRS,2024-08-04,10:30:02.5277300Z,2024,8,True,2.47,31.5,197,31,L2SP,False,Clous over BCN,False
LC08_L2SP_197031_20240820_20240830_02_T1,LANDSAT/LC08/C02/T1_L2,LANDSAT_8,OLI_TIRS,2024-08-20,10:30:12.5751730Z,2024,8,True,1.38,0.64,197,31,L2SP,True,,False
LC08_L2SP_198031_20240710_20240718_02_T1,LANDSAT/LC08/C02/T1_L2,LANDSAT_8,OLI_TIRS,2024-07-10,10:36:01.9420019Z,2024,7,True,0.91,5.89,198,31,L2SP,True,,False
LC08_L2SP_198031_20240811_20240815_02_T1,LANDSAT/LC08/C02/T1_L2,LANDSAT_8,OLI_TIRS,2024-08-11,10:36:15.6544360Z,2024,8,True,0.62,3.36,198,31,L2SP,True,,False
LC08_L2SP_198031_20240928_20241005_02_T1,LANDSAT/LC08/C02/T1_L2,LANDSAT_8,OLI_TIRS,2024-09-28,10:36:27.5546080Z,2024,9,True,2.74,0.0,198,31,L2SP,True,,False
LC08_L2SP_197031_20250620_20250627_02_T1,LANDSAT/LC08/C02/T1_L2,LANDSAT_8,OLI_TIRS,2025-06-20,10:30:09.1207160Z,2025,6,True,1.92,3.72,197,31,L2SP,False,Composite Sentinel-2 descartado por cobertura insuficiente: 36.1%,False
LC08_L2SP_197031_20250807_20250815_02_T1,LANDSAT/LC08/C02/T1_L2,LANDSAT_8,OLI_TIRS,2025-08-07,10:30:26.7610949Z,2025,8,True,4.74,1.86,197,31,L2SP,False,Composite Sentinel-2 descartado por cobertura insuficiente: 73.4%,False
LC08_L2SP_198031_20250627_20250710_02_T1,LANDSAT/LC08/C02/T1_L2,LANDSAT_8,OLI_TIRS,2025-06-27,10:36:23.0488880Z,2025,6,True,0.88,7.07,198,31,L2SP,True,,False
LC08_L2SP_198031_20250729_20250807_02_T1,LANDSAT/LC08/C02/T1_L2,LANDSAT_8,OLI_TIRS,2025-07-29,10:36:31.5774670Z,2025,7,True,2.83,42.38,198,31,L2SP,False,Huge clouds,False
LC08_L2SP_198031_20250814_20250821_02_T1,LANDSAT/LC08/C02/T1_L2,LANDSAT_8,OLI_TIRS,2025-08-14,10:36:40.7941719Z,2025,8,True,3.19,0.93,198,31,L2SP,True,,False
LC08_L2SP_198031_20250830_20250903_02_T1,LANDSAT/LC08/C02/T1_L2,LANDSAT_8,OLI_TIRS,2025-08-30,10:36:43.2581509Z,2025,8,True,0.76,0.53,198,31,L2SP,True,,False
LC08_L2SP_198031_20250915_20250920_02_T1,LANDSAT/LC08/C02/T1_L2,LANDSAT_8,OLI_TIRS,2025-09-15,10:36:49.2868640Z,2025,9,True,1.94,36.77,198,31,L2SP,False,Scattered clouds,False
LC08_L2SP_197031_20260623_20260706_02_T1,LANDSAT/LC08/C02/T1_L2,LANDSAT_8,OLI_TIRS,2026-06-23,10:29:45.2761760Z,2026,6,True,3.32,1.06,197,31,L2SP,True,,False
LC09_L2SP_197031_20220722_20230406_02_T1,LANDSAT/LC09/C02/T1_L2,LANDSAT_9,OLI_TIRS,2022-07-22,10:30:23.6315629Z,2022,7,True,1.24,0.87,197,31,L2SP,True,,False
LC09_L2SP_197031_20220807_20230403_02_T1,LANDSAT/LC09/C02/T1_L2,LANDSAT_9,OLI_TIRS,2022-08-07,10:30:35.8297610Z,2022,8,True,2.28,1.04,197,31,L2SP,True,,False
LC09_L2SP_198031_20220611_20230413_02_T1,LANDSAT/LC09/C02/T1_L2,LANDSAT_9,OLI_TIRS,2022-06-11,10:36:12.4014260Z,2022,6,True,4.59,3.63,198,31,L2SP,True,,False
LC09_L2SP_198031_20220713_20230407_02_T1,LANDSAT/LC09/C02/T1_L2,LANDSAT_9,OLI_TIRS,2022-07-13,10:36:26.6956580Z,2022,7,True,0.28,0.98,198,31,L2SP,True,,False
LC09_L2SP_198031_20220814_20230402_02_T1,LANDSAT/LC09/C02/T1_L2,LANDSAT_9,OLI_TIRS,2022-08-14,10:36:50.0457020Z,2022,8,True,3.5,18.92,198,31,L2SP,False,Clouds over Zona Franca,False
LC09_L2SP_198031_20220830_20230331_02_T1,LANDSAT/LC09/C02/T1_L2,LANDSAT_9,OLI_TIRS,2022-08-30,10:36:52.6956930Z,2022,8,True,4.45,51.54,198,31,L2SP,False,Quite cloudy,False
LC09_L2SP_197031_20230927_20230929_02_T1,LANDSAT/LC09/C02/T1_L2,LANDSAT_9,OLI_TIRS,2023-09-27,10:30:27.3618680Z,2023,9,True,2.98,0.05,197,31,L2SP,False,Composite Sentinel-2 descartado por cobertura insuficiente: 91.0%,False
LC09_L2SP_198031_20230801_20230803_02_T1,LANDSAT/LC09/C02/T1_L2,LANDSAT_9,OLI_TIRS,2023-08-01,10:36:20.8166560Z,2023,8,True,2.96,18.14,198,31,L2SP,False,Big cloud over BCN,False
LC09_L2SP_198031_20230817_20230822_02_T1,LANDSAT/LC09/C02/T1_L2,LANDSAT_9,OLI_TIRS,2023-08-17,10:36:24.2451590Z,2023,8,True,1.86,4.84,198,31,L2SP,True,,False
LC09_L2SP_197031_20240711_20240712_02_T1,LANDSAT/LC09/C02/T1_L2,LANDSAT_9,OLI_TIRS,2024-07-11,10:29:51.3351700Z,2024,7,True,0.73,1.65,197,31,L2SP,True,,False
LC09_L2SP_197031_20240727_20240728_02_T1,LANDSAT/LC09/C02/T1_L2,LANDSAT_9,OLI_TIRS,2024-07-27,10:29:53.6586180Z,2024,7,True,0.05,1.26,197,31,L2SP,True,,False
LC09_L2SP_197031_20240929_20241002_02_T1,LANDSAT/LC09/C02/T1_L2,LANDSAT_9,OLI_TIRS,2024-09-29,10:30:21.5896959Z,2024,9,True,3.61,0.01,197,31,L2SP,True,,False
LC09_L2SP_198031_20240702_20240703_02_T1,LANDSAT/LC09/C02/T1_L2,LANDSAT_9,OLI_TIRS,2024-07-02,10:35:50.9577730Z,2024,7,True,3.55,20.68,198,31,L2SP,False,Huge cloud,False
LC09_L2SP_198031_20240718_20240719_02_T1,LANDSAT/LC09/C02/T1_L2,LANDSAT_9,OLI_TIRS,2024-07-18,10:36:05.7304879Z,2024,7,True,0.76,1.92,198,31,L2SP,True,,False
LC09_L2SP_198031_20240803_20240804_02_T1,LANDSAT/LC09/C02/T1_L2,LANDSAT_9,OLI_TIRS,2024-08-03,10:36:09.0117130Z,2024,8,True,1.11,0.55,198,31,L2SP,True,,False
LC09_L2SP_198031_20240819_20240820_02_T1,LANDSAT/LC09/C02/T1_L2,LANDSAT_9,OLI_TIRS,2024-08-19,10:36:19.6466850Z,2024,8,True,2.25,42.29,198,31,L2SP,False,Coastal clouds,False
LC09_L2SP_197031_20250628_20250629_02_T1,LANDSAT/LC09/C02/T1_L2,LANDSAT_9,OLI_TIRS,2025-06-28,10:30:09.7602429Z,2025,6,True,0.3,1.01,197,31,L2SP,True,,False
LC09_L2SP_197031_20250714_20250716_02_T1,LANDSAT/LC09/C02/T1_L2,LANDSAT_9,OLI_TIRS,2025-07-14,10:30:13.8477000Z,2025,7,True,2.03,0.43,197,31,L2SP,True,,False
LC09_L2SP_197031_20250815_20250816_02_T1,LANDSAT/LC09/C02/T1_L2,LANDSAT_9,OLI_TIRS,2025-08-15,10:30:32.3639350Z,2025,8,True,0.09,1.07,197,31,L2SP,True,,False
LC09_L2SP_198031_20260622_20260623_02_T1,LANDSAT/LC09/C02/T1_L2,LANDSAT_9,OLI_TIRS,2026-06-22,10:36:04.1124650Z,2026,6,True,1.61,6.26,198,31,L2SP,True,,False
LC08_L2SP_197031_20200403_20200822_02_T1,LANDSAT/LC08/C02/T1_L2,LANDSAT_8,OLI_TIRS,2020-04-03,10:30:08.0875580Z,2020,4,False,6.89,64.55,197,31,L2SP,False,Very cloudy,False
LC08_L2SP_198031_20210413_20210423_02_T1,LANDSAT/LC08/C02/T1_L2,LANDSAT_8,OLI_TIRS,2021-04-13,10:36:20.7493880Z,2021,4,False,16.27,65.58,198,31,L2SP,False,Very cloudy,False
LC08_L2SP_197031_20220425_20220503_02_T1,LANDSAT/LC08/C02/T1_L2,LANDSAT_8,OLI_TIRS,2022-04-25,10:30:14.7371889Z,2022,4,False,18.26,3.74,197,31,L2SP,True,A couple of clouds over Collserola lets keep it,False
LC08_L2SP_198031_20220416_20220420_02_T1,LANDSAT/LC08/C02/T1_L2,LANDSAT_8,OLI_TIRS,2022-04-16,10:36:28.6605660Z,2022,4,False,1.51,1.44,198,31,L2SP,True,,False
LC08_L2SP_197031_20230412_20230421_02_T1,LANDSAT/LC08/C02/T1_L2,LANDSAT_8,OLI_TIRS,2023-04-12,10:30:01.4254609Z,2023,4,False,12.39,3.34,197,31,L2SP,True,Not a cloud visible in the picture,False
LC08_L2SP_198031_20230403_20230412_02_T1,LANDSAT/LC08/C02/T1_L2,LANDSAT_8,OLI_TIRS,2023-04-03,10:36:22.7173090Z,2023,4,False,12.41,0.48,198,31,L2SP,True,Not cloudy onver BCN,False
LC08_L2SP_198031_20230419_20230429_02_T1,LANDSAT/LC08/C02/T1_L2,LANDSAT_8,OLI_TIRS,2023-04-19,10:36:09.1396680Z,2023,4,False,5.76,0.32,198,31,L2SP,True,,False
LC08_L2SP_197031_20240414_20240423_02_T1,LANDSAT/LC08/C02/T1_L2,LANDSAT_8,OLI_TIRS,2024-04-14,10:30:00.4494590Z,2024,4,False,0.3,5.36,197,31,L2SP,False,Composite Sentinel-2 descartado por cobertura insuficiente: 69.0%,False
LC08_L2SP_198031_20240421_20240430_02_T1,LANDSAT/LC08/C02/T1_L2,LANDSAT_8,OLI_TIRS,2024-04-21,10:36:06.4698880Z,2024,4,False,15.56,97.51,198,31,L2SP,False,Totally cloudy,False
LC08_L2SP_197031_20250401_20250411_02_T1,LANDSAT/LC08/C02/T1_L2,LANDSAT_8,OLI_TIRS,2025-04-01,10:30:07.5204320Z,2025,4,False,0.24,0.84,197,31,L2SP,True,,False
LC08_L2SP_197031_20250417_20250425_02_T1,LANDSAT/LC08/C02/T1_L2,LANDSAT_8,OLI_TIRS,2025-04-17,10:29:58.8008330Z,2025,4,False,9.41,0.01,197,31,L2SP,True,,False
LC08_L2SP_198031_20250408_20250416_02_T1,LANDSAT/LC08/C02/T1_L2,LANDSAT_8,OLI_TIRS,2025-04-08,10:36:15.0927770Z,2025,4,False,2.77,1.21,198,31,L2SP,True,,False
LC08_L2SP_198031_20250424_20250429_02_T1,LANDSAT/LC08/C02/T1_L2,LANDSAT_8,OLI_TIRS,2025-04-24,10:36:01.9978859Z,2025,4,False,4.7,8.55,198,31,L2SP,False,Scattered clouds,False
LC08_L2SP_197031_20260404_20260415_02_T1,LANDSAT/LC08/C02/T1_L2,LANDSAT_8,OLI_TIRS,2026-04-04,10:30:03.3607330Z,2026,4,False,0.77,2.81,197,31,L2SP,True,,False
LC08_L2SP_197031_20260420_20260501_02_T1,LANDSAT/LC08/C02/T1_L2,LANDSAT_8,OLI_TIRS,2026-04-20,10:29:59.7835820Z,2026,4,False,7.79,43.44,197,31,L2SP,False,Cirrus or thin clouds,False
LC09_L2SP_197031_20220417_20230421_02_T1,LANDSAT/LC09/C02/T1_L2,LANDSAT_9,OLI_TIRS,2022-04-17,10:30:16.8291030Z,2022,4,False,5.92,16.28,197,31,L2SP,False,High clouds,False
LC09_L2SP_197031_20230404_20230406_02_T1,LANDSAT/LC09/C02/T1_L2,LANDSAT_9,OLI_TIRS,2023-04-04,10:30:25.0024190Z,2023,4,False,6.51,34.45,197,31,L2SP,False,Clouds across the whole city,False
LC09_L2SP_197031_20230420_20230422_02_T1,LANDSAT/LC09/C02/T1_L2,LANDSAT_9,OLI_TIRS,2023-04-20,10:30:18.8094730Z,2023,4,False,3.42,3.49,197,31,L2SP,True,,False
LC09_L2SP_198031_20240413_20240415_02_T1,LANDSAT/LC09/C02/T1_L2,LANDSAT_9,OLI_TIRS,2024-04-13,10:36:33.5427830Z,2024,4,False,1.24,3.65,198,31,L2SP,False,Composite Sentinel-2 descartado por cobertura insuficiente: 69.0%,False
LC09_L2SP_197031_20260428_20260429_02_T1,LANDSAT/LC09/C02/T1_L2,LANDSAT_9,OLI_TIRS,2026-04-28,10:30:10.7470200Z,2026,4,False,19.02,0.5,197,31,L2SP,True,Not a single cloud,False
LC09_L2SP_198031_20260403_20260404_02_T1,LANDSAT/LC09/C02/T1_L2,LANDSAT_9,OLI_TIRS,2026-04-03,10:36:31.2570720Z,2026,4,False,6.08,0.66,198,31,L2SP,True,Cloud-free BCN,False
